{"initial_reset_timestamp": 1553077487.969462, "timestamps": [1553077488.9029691], "episode_lengths": [14], "episode_rewards": [14.0], "episode_types": ["t"]}